,,,,,,,,,,,,
,,,,,,,,,,,,
,,,,,,,,,,,,
,,,,,,,,,Info para aplicar SR,Info para negocio dctos pos,,
insuperables ciclo 2 ,,,,,,,,,,,,
Negociador,PROVEEDOR,SUB,CATEGORIA,SUBCATEGORIA,MARCA,PLU,DESCRIPCION PLU,Presentacion,PRECIO APLICAR SR, Dcto pos aplica el negocio ,Observación,
Kathe A,COMERCIAL NUTRESA S.A.S,93,GALLETAS DULCES,GALLETAS WAFER,NOEL,3640709,Galletas wafer sabor coco,264 G,"$8,350 ",15%,,
Kathe A,COMERCIAL NUTRESA S.A.S,93,GALLETAS SALUDABLES,SALUDABLES PLANAS,TOSH,3298176,Galletas crackers fusión de cereales x9und,229.5 G,"$8,350 ",15%,,
Luis V,COMERCIAL +BIOS SAS,401,ALIMENTOS MASCOTAS,ALIMENTOS GATOS,MIRRINGO,3296101,Alimento Gato +PRO,1000 G,"$15,800 ",20%,,
Luis V,NESTLE PURINA PET CARE COLOMBI,401,ALIMENTOS MASCOTAS,ALIMENTOS PERROS,ALPO,3229327,"Alimento perros adultos carne, pollo, cereales y vegetales",2000 G,"$18,900 ",20%,,
Luis V,NESTLE PURINA PET CARE COLOMBI,401,ALIMENTOS MASCOTAS,ALIMENTO HUMEDO PERROS,PURINA DOG CHOW,3408374,Alimento humedo para perros pack surtido,600 G,"$19,500 ",10%,,
Luis V,NESTLE PURINA PET CARE COLOMBI,401,ALIMENTOS MASCOTAS,ALIMENTOS HUMEDO GATOS,PURINA,3408377,alimento humedo gato surtio Fancy Feast ,340 G,"$22,800 ",10%,,
Luis V,NESTLE PURINA PET CARE COLOMBI,401,ALIMENTOS MASCOTAS,ALIMENTOS HUMEDO GATOS,FELIX,919247,Alimento humedo  gatos pate salmon,156 G,"$5,980 ",15%,,
Luis V,NESTLE PURINA PET CARE COLOMBI,401,ALIMENTOS MASCOTAS,ALIMENTOS HUMEDO GATOS,FELIX,3408373,Alimento húmedo  gatos sabor surtido,680 G,"$21,600 ",10%,,
Kathe A,DIANA CORPORACION  S.A.S,93,HARINAS,HARINA PRECOCIDA MAIZ,DIANA,3064250,Harina Maíz Blanco,1000 G,"$3,300 ",10%,,
Luis V,ALIMENTOS POLAR COLOMBIA S.A.S,401,ALIMENTOS MASCOTAS,ALIMENTOS PERROS,DOGOURMET,588157,Alimento perros Carne Parrilla Mascotas,2000 G,"$21,450 ",10%,,
Vero San Juan,COLGATE PALMOLIVE COMPANIA.,98,CREMAS DENTALES,CREMA DENTAL TRIPLE ACCION,COLGATE,3514886,Crema dental Triple acción extra blancura,150 ML,"$11,700 ",15%,,
Vero San Juan,COLGATE PALMOLIVE COMPANIA.,98,ENJUAGUES BUCALES,ENJUAGUE BUCAL ANTISEPTICOS,PLAX,675439,ENJUAGUE BUCAL ICE,500 ML,"$19,800 ",20%,,
Vero San Juan,PROCTER & GAMBLE COLOMBIA LTDA,98,HOJAS Y MAQUINAS HOMBRE,REPUESTOS AFEITADA HOMBRE,MACH 3,536607,Repuestos máquina de afeitar  sensitive piel sensible,4 U,"$64,600 ",15%,,
Vero San Juan,PROCTER & GAMBLE COLOMBIA LTDA,98,CEPILLOS DENTALES,CEPILLO DENTAL ADULTOS,ORAL-B,3059578,Cepillo de dientes acciones cerdas pulidoras carbón,4 U,"$34,700 ",25%,,
Alba,UNILEVER ANDINA COLOMBIA LTDA,97,JABONES DE LAVAR,JABON DE LAVAR CUIDADO PRENDAS,COCO VARELA,351623,Jabón de barra original x 3 unids,900 G,"$15,300 ",20%,,
Alba,UNILEVER ANDINA COLOMBIA LTDA,97,DETERGENTES,DETERGENTES LIQUIDOS,FAB,3429202,Detergente líquido ultra flash,3 L,"$55,000 ",20%,,
Alba,UNILEVER ANDINA COLOMBIA LTDA,97,DETERGENTES,DETERGENTES LIQUIDOS,COCO VARELA,3536021,Detergente líquido el original,1.3 L,"$27,750 ",20%,,
Alba,PROCTER & GAMBLE COLOMBIA LTDA,97,SUAVIZANTES DE ROPA,SUAVIZANTES PREMIUM,DOWNY,3429327,Suavizante concentrado adorable,1350 ML,"$41,000 ",25%,,
Alba,BRINSA S.A.,97,DESMANCHADORES SEGUROS,DESMANCHADORES LIQUIDOS,BLANCOX,736834,Desmanchador ropa color líquido protege el color,3800 ML,"$36,450 ",20%,,
Vane,COMERCIAL NUTRESA S.A.S,92,BEBIDAS CALIENTES,CAFE,SELLO ROJO,1191804,Café Molido,400 G,"$24,300 ",10%,,
Alba,COLGATE PALMOLIVE COMPANIA.,97,SUAVIZANTES DE ROPA,SUAVIZANTES REGULAR,SUAVITEL,3287114,Suavizante cuidado superior fresca primavera,2800 ML,"$26,750 ",15%,,
Cathe M,PRODUCTOS FAMILIA S.A.,67,TOALLAS COCINA,TOALLAS COCINA DESECHABLE,FAMILIA,3616627,Toalla Cocina Grande Blanca,44 U,"$4,900 ",15%,,
Cathe M,PRODUCTOS FAMILIA S.A.,67,PROTECCION FEMENINA,TOALLAS HIGIENICAS,NOSOTRAS,694315,Toallas higiénicas natural invisible + buenas noches,8 U,"$3,950 ",N.A,Aplica precio,
Cathe M,PRODUCTOS FAMILIA S.A.,67,TOALLITAS HUMEDAS,TOALLITAS HUMEDAS BABY OTROS U,PEQUENIN,3671194,Pañitos húmedos avena jumbo pack,240 U,"$17,200 ",20%,,
Cathe M,PRODUCTOS FAMILIA S.A.,67,PROTECTORES DIARIOS,PROTEC. DIARIOS CLASICOS,NOSOTRAS,3616630,Protectores Diarios Respirable,160 U,"$13,900 ",N.A,Aplica precio,
Cathe M,PRODUCTOS FAMILIA S.A.,67,PROTECCION INCONTINENCIA,PROTECTORES INCONTINENCIA LEVE,TENA,196587,"Toallas higiénicas medium, goteos moderados",10 U,"$8,900 ",N.A,Aplica precio,
Cathe M,COLOMBIANA KIMBERLY COLPAPEL S,67,PANALES,PANALES PANTS,HUGGIES,3775444,Pañales Desechables Triple Pro XXG5,36 U,"$37,200 ",N.A,Aplica precio,
Cathe M,COLOMBIANA KIMBERLY COLPAPEL S,67,PANALES,PANALES PANTS,HUGGIES,3775445,Pañales Desechables Triple Protección G3,48 U,"$37,900 ",N.A,Aplica precio,
Cathe M,COLOMBIANA KIMBERLY COLPAPEL S,67,PANALES,PANALES PANTS,HUGGIES,3782516,Pañales Desechables Triple Protección 4XG,40 U,"$35,100 ",N.A,Aplica precio,
Alba,TECNOQUIMICAS SA,405,BLANQUEADORES,BLANQUEADOR CON FRAGANCIA,CLOROX,1712027,Blanqueador Magia Floral,1800 ML,"$8,690 ",25%,,
Cathe M,S.C.JOHNSON & SON COLOMBIANA S,404,INSECTICIDAS,INSECTICIDAS AEROSOL,RAID,1729809,Insecticida aerosol insectos voladores,400 ML,"$20,900 ",15%,,
Alba,BRINSA S.A.,405,LAVALOZA,LAVALOZA CREMAS/GEL,LOZA CREM,596962,Lavaloza Crema duo pack,900 G,"$12,650 ",15%,,
Vero Castañeda,BAYER.S.A,91,OTC,PUESTOS DE PAGO OTC,APRONAX,607313,Cápsulas liquid gel,8 U,"$19,350 ",20%,,
Alba,GRADEZCO LTDA,97,DETERGENTES,DETERGENTES LIQUIDOS,TOP,3749177,Detergente Liquido Ropa Color,3000 ML,"$40,950 ",30%,,
Alba,GRADEZCO LTDA,97,DETERGENTES,DETERGENTES CONVENCIONALES,TOP,3749175,Detergente Polvo cuidado y limpieza,4000 G,"$42,000 ",30%,,
Vero Castañeda,BAYER.S.A,91,OTC,PIEL,ACID MANTLE,743358,Loción todo tipo de piel + loción 120 ml,400 ML,"$62,700 ",25%,,
Camilo ,UNION DE ARROCEROS S.A.S,90,ARROZ,ARROZ BLANCO,SUPREMO,3759621,Arroz Selección Especial,2500 G,"$11,250 ",15%,,
Vane,GASEOSAS LUX S.A.S,92,BEBIDAS CALIENTES,CAFE,TOSTAO,3650270,Café intenso tostado y molido,454 G,"$28,000 ",15%,,
Camilo ,HARINERA DEL VALLE S.A.,403,ACEITES COMESTIBLES,ACEITES DE CANOLA,CANOLA LIFE,1767191,Aceite de canola,3000 ML,"$72,000 ",25%,,
Camilo ,HARINERA DEL VALLE S.A.,403,ACEITES COMESTIBLES,ACEITE GIRASOL,PREMIER,3452377,Aceite de girasol multiusos,1800 ML,"$40,150 ",20%,,
Camilo ,DIANA CORPORACION  S.A.S,90,ARROZ,ARROZ BLANCO PREMIUM,DIANA,3594363,Arroz Cosecha Especial,1000 G,"$10,800 ",25%,,
Camilo ,DIANA CORPORACION  S.A.S,90,FRIJOL,FRIJOL CARGAMANTO,DIANA,3533993,Frijol  Cargamanto Rojo,1000 G,"$16,200 ",15%,,
Johana,DIANA CORPORACION  S.A.S,83,ESPARCIBLES VEGETAL,MARGARINA O ESPARCIBLE COCINAR,GUSTOSITA,760158,Margarina esparcible barra,125 G,"$2,400 ",10%,,
Johana,HARINERA DEL VALLE S.A.,83,ESPARCIBLES VEGETAL,MARGARINA O ESPARCIBLE DE MESA,PREMIER,253306,Esparcible para mesa y cocina,500 G,"$12,950 ",20%,,
Johana,HARINERA DEL VALLE S.A.,83,ESPARCIBLES VEGETAL,MARGARINA O ESPARCIBLE COCINAR,PREMIER,253331,Esparcible barra para mesa y cocina,125 G,"$2,650 ",20%,,
Johana,HARINERA DEL VALLE S.A.,81,PANES BLANCOS Y TOSTADOS,TORTILLAS Y PAN ARABE,HAZ DE OROS,197559,Tortilla tradicional x6und,180 G,"$5,950 ",20%,,
Vane,COMERCIAL NUTRESA,92,BEBIDAS CALIENTES,CHOCOLATES,LA ESPECIAL,3810791,Chocolate Barra Tradicional,400 G,"$10,500 ",10%,,
Johana,HARINERA DEL VALLE S.A.,81,PANADERIA DULCE,BROWNIES,MAMA-IA,1243229,Brownie Chocolate,70 G,"$3,400 ",15%,,
Luis V,COMERCIALIZADORA BOGOTANA S.A.S,401,N.E, ARENAS Y TAPETES ,PETYS,3810407, Arena Gatos Agradable Fragancia,4500 GR,"$30,550 ",20%,,
Maria Camila,COMERCIAL NUTRESA S.A.S,94,COMIDAS PREPARADAS,FRIJOLES,ZENU,1341923,FRIJOL ANTIOQUENO,580 G,"$13,900 ",10%,,
Maria Camila,COMERCIAL NUTRESA S.A.S,94,VEGETALES EN CONSERVA,MAICES CONSERVA,ZENU,1743818,Maíz lata sin azúcar añadido,241 G,"$7,190 ",25%,,
Maria Camila,COMERCIAL NUTRESA S.A.S,407,CHOCOLATES,BARRA DE CHOCOLATE,JET,3479122,Chocolatina con leche x12und,132 G,"$12,000 ",10%,,
Luis V,MASTERFOODS COLOMBIA LTDA.,401,ALIMENTOS MASCOTAS,ALIMENTOS HUMEDO GATOS,WHISKAS,3530692,Alimento de gato Gato Castrado Carne,85 G,"$3,300 ",20%,,
Camilo ,MANUELITA S. A.,90,AZUCAR,AZUCAR MORENA,MANUELITA,935824,Azucar Morena,1000 G,"$5,700 ",20%,,
Camilo ,INGENIO PROVIDENCIA S.A.,90,AZUCAR,AZUCAR BLANCO ESPECIAL,PROVIDENCIA,35839,Azucar Blanca,1000 G,"$5,750 ",20%,,
Camilo ,INGENIO DEL CAUCA S.A.S,90,AZUCAR,AZUCAR LIGHT,INCAUCA LIFE,3349976,Azucar Life Blanca.,454 G,"$5,800 ",40%,,
Carla,PREBEL S.A.S. BIC,406,DESODORANTES MUJER,ROLL-ON MUJER,ELIZABETH ARDEN,3406340,Desodorante mujer Roll on Aclarado Efecto Natural x 2 unids,100 ML,"$27,250 ",15%,,
Carla,PREBEL S.A.S. BIC,406,DESODORANTES HOMBRE,ROLL-ON HOMBRE,ARDEN FOR MEN,3390206,Desodorante hombre Roll on  Platino x 2 unids,100 ML,"$26,500 ",15%,,
Carla,PREBEL S.A.S. BIC,406,PROTECCION SOLAR,BLOQUEADORES,NUDE,3421415,Protector solar sensación liviana FPS 80,120 ML,"$63,000 ",15%,,
Carla,BEIERSDORF S.A.,406,DESODORANTES HOMBRE,AEROSOL HOMBRE,NIVEA,53563,Desodorante black white men spray,150 ML,"$25,900 ",15%,,
Carla,BUITRAGO BUITRAGO CARLOS,406,JABONES DE TOCADOR,JABON LIQUIDOS,CAPIBELL,961472,JABON LIQUIDO MANOS Y CUERPO,3000 ML,"$28,900 ",20%,,
Carla,UNILEVER ANDINA COLOMBIA LTDA,96,BALSAMOS Y ACONDICIONADORES,BALSAMOS ACONDICIONADORES,SAVITAL,3726782,Acondicionador Elixir De Romero,490 ML,"$20,000 ",20%,,
Carla,UNILEVER ANDINA COLOMBIA LTDA,96,SHAMPOO,SHAMPOO 1 EN 1,SAVITAL,3726781,Shampoo Elixir De Romero,510 ML,"$20,500 ",20%,,
Carla,UNILEVER ANDINA COLOMBIA LTDA,96,TRATAMIENTO CAPILAR,TRATAMIENTOS CAPILARES,DOVE,3616947,Tatamiento capilar óleo intense repair,110 ML,"$46,000 ",15%,,
Carla,UNILEVER ANDINA COLOMBIA LTDA,96,SHAMPOO,SHAMPOO 1 EN 1,DOVE,3616945,Shampoo Intense Repair,350 ML,"$26,900 ",15%,,
Carla,UNILEVER ANDINA COLOMBIA LTDA,96,BALSAMOS Y ACONDICIONADORES,BALSAMOS ACONDICIONADORES,DOVE,3616948,Acondicionador ntense Repair,250 ML,"$26,600 ",15%,,
Carla,UNILEVER ANDINA COLOMBIA LTDA,96,BALSAMOS Y ACONDICIONADORES,CREMAS PARA PEINAR,EGO,3555714,Crema Peinar For Men,265 ML,"$17,600 ",15%,,
Carla,UNILEVER ANDINA COLOMBIA LTDA,406,JABONES DE TOCADOR,GELES DE DUCHA,DOVE BABY,1072335,Jabón líquido humectación sensible,400 ML,"$36,500 ",20%,,
Carla,UNILEVER ANDINA COLOMBIA LTDA,406,JABONES DE TOCADOR,GELES DE DUCHA,DOVE,1653390,Jabón líquido wash granada y té corporal,591 ML,"$39,900 ",20%,,
Carla,COLGATE PALMOLIVE COMPANIA.,406,JABONES DE TOCADOR,JABON DESODOR/PERFUM/COSMET,PALMOLIVE,3189026,Jabón de tocador sandía lychee,330 G,"$9,900 ",15%,,
Maria Camila,UNILEVER ANDINA COLOMBIA LTDA,402,MAYONESAS,MAYONESA NORMAL,FRUCO,981751,Mayonesa baja en grasa,600 G,"$18,600 ",25%,,
Maria Camila,UNILEVER ANDINA COLOMBIA LTDA,402,SALSAS DE TOMATE,SALSA DE TOMATE NORMAL,FRUCO,981730,Salsa De Tomate Doy Pack,600 G,"$15,950 ",25%,,
Maria Camila,UNILEVER ANDINA COLOMBIA LTDA,402,MAYONESAS,MAYONESA NORMAL,FRUCO,3450322,Mayonesa receta artesanal,250 G,"$12,900 ",15%,,
Maria Camila,UNILEVER ANDINA COLOMBIA LTDA,402,SAZONADORES,SALSAS BBQ,FRUCO,3072652,Salsa Bbq Artesanal Doy Pack,380 G,"$14,000 ",15%,,
Maria Camila,UNILEVER ANDINA COLOMBIA LTDA,402,SAZONADORES,SOYA,FRUCO,13243,Salsa soya frasco,154 ML,"$7,200 ",15%,,
Maria Camila,LEVAPAN S.A.,94,COMIDAS PREPARADAS,FRIJOLES,SAN JORGE,3113474,Frijoles antioqueños Con tocino lata,300 G,"$8,900 ",15%,,
Maria Camila,LEVAPAN S.A.,94,VEGETALES EN CONSERVA,MAICES CONSERVA,SAN JORGE,693740,Maíz tierno Lata x2 und,380 G,"$12,150 ",15%,,
Kathe A,HARINERA DEL VALLE S.A.,93,PASTAS,PASTAS COMUNES,LA MUNECA,603117,PASTA SPAGUETTI,1000 G,"$6,700 ",20%,,
Kathe A,HARINERA DEL VALLE S.A.,93,PASTAS,PASTAS FINAS,CONZAZONI,233644,Pastas larga fetuccine,500 G,"$8,800 ",20%,,
Kathe A,HARINERA DEL VALLE S.A.,93,PASTAS,ESPECIALIDADES,CONZAZONI,236837,Pastas para lasagna,400 G,"$16,450 ",20%,,
Kathe A,HARINERA DEL VALLE S.A.,93,HARINAS PARA PREPARAR,MEZCLAS PANCAKES/WAFLES/MUFFIN,HAZ DE OROS,973957,"Mezcla pancakes, crepes o waffles",300 G,"$6,700 ",20%,,
Kathe A,KELLOGG DE COLOMBIA S.A.,93,CEREALES LISTOS,CEREALES INFANTILES,FROOT LOOPS,1764935,Cereal frutal,450 G,"$27,900 ",15%,,
Kathe A,UNILEVER ANDINA COLOMBIA LTDA,93,HARINAS,FECULAS,MAIZENA,3341982,Fécula de Maíz,720 G,"$25,900 ",15%,,
Kathe A,LEVAPAN S.A.,69,GELATINAS EN POLVO,GELATINA DIETETICA Y SIN SABOR,GEL HADA,3574747,Gelatina sin sabor x3und,90 G,"$9,450 ",10%,,
Kathe A,SOBERANA S.A.S.,93,HARINAS,HARINA PRECOCIDA MAIZ,AREPAREPA,3791591,Harina para arepas blanca ,1000 G,"$3,300 ",10%,,
Kathe A,SOBERANA S.A.S.,93,HARINAS,HARINA PRECOCIDA MAIZ,AREPAREPA,322520,Harina maíz blanco,1000 G,"$3,300 ",10%,,
Vero San Juan,EDGEWELL PERSONAL CARE COLOMBI,98,HOJAS Y MAQUINAS HOMBRE,MAQUINAS DURADERAS HOMBRE,SCHICK,1210537,Maquina de afeitar Quattro titanium x1 + 1 repuestos,1 U,"$34,200 ",20%,,
Vero San Juan,EDGEWELL PERSONAL CARE COLOMBI,98,HOJAS Y MAQUINAS MUJER,MAQUINAS DESECHABLES MUJER,SCHICK,156543,Maquina de afeitar Xtreme3 piel delicada x4 und,4 U,"$28,400 ",20%,,
Johana,COOPERATIVA COLANTA,83,QUESOS AUTOSERVICIO,RALLADOS,COLANTA,312035,QUESO PARMESANO,250 G,"$25,250 ",15%,,
Johana,COOPERATIVA COLANTA,83,LECHES LIQUIDAS,LECHE LIQUIDA UHT CAJA,COLANTA,1740555,Sixpack Leche deslactosada  semidescremada en caja,6000 ML,"$33,990 ",15%,,
Johana,ALPINA PRODUCTOS ALIMENTICIOS,83,QUESOS AUTOSERVICIO,ESPARCIBLES,ALPINA,454064,Queso Cremosino vaso  ,200 G,"$7,750 ",15%,,
Johana,ALPINA PRODUCTOS ALIMENTICIOS,83,LECHES LIQUIDAS,LECHE LIQUIDA UHT BOLSA,ALPINA,576258,Sixapck de leche deslactosada bolsa,6600 ML,"$37,750 ",10%,,
Vane,KELLOGG DE COLOMBIA S.A.,59,PASABOCAS,PAPAS FRITAS PREMIUM,PRINGLES,1252938,PAPAS ORIGINAL,124 G,"$15,900 ",15%,,
Vane,KELLOGG DE COLOMBIA S.A.,59,PASABOCAS,PAPAS FRITAS PREMIUM,PRINGLES,1252939,PAPAS CREMA Y CEBOLLA,124 G,"$15,900 ",15%,,
Vane,KELLOGG DE COLOMBIA S.A.,59,PASABOCAS,PAPAS FRITAS TRADICIONALES,PRINGLES,1252940,PAPAS QUESO,124 G,"$15,900 ",15%,,
Vero Castañeda,UNILEVER ANDINA COLOMBIA LTDA,64,TRATAMIENTOS,ANTIEDAD,POND'S,3732705,Crema facial reafirmante anti-edad,50 G,"$81,700 ",30%,,
Carolina,INDUSTRIA NACIONAL DE GASEOSAS,63,BEBIDAS HIDRATANTES,BEBIDAS HIDRATANTES,FLASHLYTE F,3773295,Bebida Hidratante Energetica ,625 ML,"$6,200 ",35%,,
Carolina,BEBIDAS Y ALIMENTOS DE URABA,63,BEBIDAS HIDRATANTES,BEBIDAS HIDRATANTES,POWERADE,903981,Bebida hidratante  frutas tropicales,500 ML,"$3,800 ",10%,,
Carolina,INDUSTRIA NACIONAL DE GASEOSAS,63,BEBIDAS HIDRATANTES,BEBIDAS HIDRATANTES,POWERADE,904062,Bebida hidratante  mountain blast,500 ML,"$3,800 ",10%,,
Carolina,DISLICORES,95,TEQUILAS,TEQUILAS,JOSE CUERVO,218209,Tequila Tradicional Reposado,750 ML,"$111,900 ",N.A,Aplica precio,
Carolina,GASEOSAS LUX S.A.S,95,CERVEZAS,CERVEZAS ARTESANALES,3CORDILLERAS,3481651,Sixpack Cerveza Rose ,1800 ML,"$27,000 ",15%,,
Carolina,GASEOSAS LUX S.A.S,95,CERVEZAS,CERVEZAS ARTESANALES,3CORDILLERAS,3668944,Cerveza  mestiza x4und,4800 ML,"$21,150 ",15%,,
Carolina,PERNOD,95,WHISKYS,WHISKYS ESTANDAR,SOMETHING,505596,Whisky especial blended Scotch ,1000 ML,"$101,900 ",10%,,
Carolina,PERNOD,95,WHISKYS,WHISKYS ESTANDAR,JAMESON,1251229,Whiskey triple distilled Irish,700 ML,"$129,900 ",20%,,
Carla,LOREAL COLOMBIA S.A.,96,TRATAMIENTO CAPILAR,TRATAMIENTOS CAPILARES,HAIR FOOD,3352898,Tratamiento capilar Garnier coco reparación,350 ML,"$37,500 ",20%,,
Alba,S.C.JOHNSON & SON COLOMBIANA S,405,PRODUCTOS WC,TANQUES PRODUCTOS WC,PATO,882842,Limpiador inodoro tanque pastilla pino,40 G,"$7,250 ",30%,,
Alba,S.C.JOHNSON & SON COLOMBIANA S,405,LIMPIA HORNOS Y NEVERAS,QUITAGRASAS,MR MUSCULO,163368,Desengrasante cocina empaque con gatillo,500 ML,"$15,050 ",20%,,
Vero Castañeda,LOREAL COLOMBIA S.A.,64,MAQUILLAJE,PESTANINA,MAYBELLINE,3214190,Pestanina Sky High WTP Negro,6 ML,"$62,900 ",35%,,
Vero Castañeda,LOREAL COLOMBIA S.A.,64,MAQUILLAJE,PESTANINA,MAYBELLINE,3214189,Pestanina Sky High WSH Negro,7.2 ML,"$62,900 ",35%,,
Vero Castañeda,LOREAL COLOMBIA S.A.,64,TRATAMIENTOS,LIMPIADORA,GARNIER SKIN ACTIVE,1203843,Agua micelar original,400 ML,"$30,250 ",15%,,
Kathe A,TONING S.A.S,93,AVENAS,AVENAS,TONING,3667850,Avena Hojuelas Sin Gluten,800 G,"$12,550 ",15%,,
Carolina,GASEOSAS LUX S.A.S,63,GASEOSAS,SODAS Y MEZCLADORES,BRETANA,622793,Gaseosa Soda Súper Gigante,2500 ML,"$5,990 ",10%,,
Kathe A,HARINERA DEL VALLE S.A.,93,HARINAS,HARINA DE TRIGO,HAZ DE OROS,13520,Harina de trigo tradicional,500 G,"$2,250 ",10%,,
Alba,COLGATE PALMOLIVE COMPANIA.,405,LAVALOZA,LAVALOZAS LIQUIDOS,AXION,3584462,Lavaplatos líquido  explosión cítrica doypack,1.5 L,"$14,300 ",15%,,
Maria Camila,GRIFFITH FOODS S.A.SGRIFFITH F,402,MAYONESAS,SALSA BASE MAYONESA,ZAFRAN,3699838,Salsa Mayo Mostaza Original,400 G,"$10,900 ",15%,,
Maria Camila,NESTLE DE COLOMBIA S.A.,402,CALDOS,CALDOS GALLINA,MAGGI,3669610,Ricontodo Caldo De Gallina Des,90 G,"$4,650 ",15%,,
Maria Camila,NESTLE DE COLOMBIA S.A.,402,CALDOS,CALDOS GALLINA,MAGGI,129871,CALDO DE GALLINA X 12 CUBOS,132 G,"$5,550 ",15%,,
Carla,BAYER.S.A,406,TALCOS,TALCO SPRAY HOMBRE,MEXSANA,106457,Talco En Spray Dúo Pack Avena,520 ML,"$33,500 ",N.A,Aplica precio,
Kathe A,NESTLE DE COLOMBIA S.A.,69,MODIFICADORES DE LECHE,BEBIDAS CHOCOLATADAS,MILO NUTRI FIT,80046,BEBIDA ACHOCOLATADA EN POLVO NUTRIT FIT,500 G,"$29,500 ",15%,,
Kathe A,NESTLE DE COLOMBIA S.A.,69,ALIMENTO LACTEO EN POLVO,LECHE EN POLVO FUNCIONAL,EL RODEO,3666454,Alimento lácteo en polvo,600 G,"$18,550 ",15%,,
Kathe A,NESTLE DE COLOMBIA S.A.,93,GALLETAS SALADAS,CRACKERS SABORIZADA,SALTINAS,3556910,Galletas de  Mantequilla x 5 tacos,480 G,"$10,900 ",15%,,
Carla,UNILEVER ANDINA COLOMBIA LTDA,96,BALSAMOS Y ACONDICIONADORES,CREMAS PARA PEINAR,SAVITAL,3726783,Crema Peinar Elixir De Romero,275 ML,"$16,250 ",20%,Enviado a SR 10 Marzo,
Carla,UNILEVER ANDINA COLOMBIA LTDA,96,TRATAMIENTO CAPILAR,TRATAMIENTOS CAPILARES,SAVITAL,3726779,Tratamiento Capilar Elixir De,425 ML,"$18,900 ",20%,Enviado a SR 10 Marzo,
Carolina,TERRAFERTIL COLOMBIA S.A.S,63,BEBIDAS DE CEREALES,FRUTOS,NATURE'S HEART,1752280,Bebida almendras,946 ML,"$16,200 ",20%,Enviado a SR 10 Marzo,
Carolina,PISA FARMACEUTICA DE COLOMBIA,63,BEBIDAS HIDRATANTES,BEBIDAS HIDRATANTES,ELECTROLIFE,3795729,Bebida Hidratante Naranja-Mand,625 ML,"$7,400 ",15%,Enviado a SR 10 Marzo,
Alba,Azul K,97,JABONES DE LAVAR,JABON DE LAVAR LIMPIEZA BASICA,SUPER RIEL,1752876,JABON DE LAVAR X 3,840 G,"$7,090 ",15%,,
Alba,Azul K,97,JABONES DE LAVAR,JABON DE LAVAR LIMPIEZA BASICA,TOP,3749177,Detergente Liquido Ropa Color,3000 ML,"$40,950 ","$27,950 ",25.950=,35%
Alba,Azul K,97,JABONES DE LAVAR,JABON DE LAVAR LIMPIEZA BASICA,TOP,3749175,Detergente Polvo cuidado y limpieza,4000 G,"$42,000 ","$28,950 ",26950=,35%
